Lineage,ProtocolGroup,ProtocolVersion,Template,CTV_StaticKey,TemplateVersionKey,Version,GparText,ParText,Ckey,TypeName,VisibleText,ReportText,AltText,SCTID,Column1,
ColoRectal.Res,Gastrointestinal,4.2.0.0,ColoRectal.Res,126,6683,3.006.001,NULL,NULL,15360.100004300,H Section Header,SPECIMEN,,,,,
ColoRectal.Res,Gastrointestinal,4.2.0.0,ColoRectal.Res,126,6683,3.006.001,NULL,SPECIMEN,1416.100004300,Q Question - Single-Select (Combo/Option),Procedure,,,2620001000004108 |Specimen collection procedure (observable entity)|,,
ColoRectal.Res,Gastrointestinal,4.2.0.0,ColoRectal.Res,126,6683,3.006.001,SPECIMEN,Procedure,1425.100004300,A Answer,Right hemicolectomy,,,359571009 |Right colectomy (procedure)|,,
ColoRectal.Res,Gastrointestinal,4.2.0.0,ColoRectal.Res,126,6683,3.006.001,SPECIMEN,Procedure,1426.100004300,A Answer,Transverse colectomy,,,26925005 |Transverse colectomy (procedure)|,,
ColoRectal.Res,Gastrointestinal,4.2.0.0,ColoRectal.Res,126,6683,3.006.001,SPECIMEN,Procedure,1427.100004300,A Answer,Left hemicolectomy,,,82619000 |Left colectomy (procedure)|,,
ColoRectal.Res,Gastrointestinal,4.2.0.0,ColoRectal.Res,126,6683,3.006.001,SPECIMEN,Procedure,1428.100004300,A Answer,Sigmoidectomy,,,84604002 |Sigmoid colectomy (procedure)|,,
ColoRectal.Res,Gastrointestinal,4.2.0.0,ColoRectal.Res,126,6683,3.006.001,SPECIMEN,Procedure,1429.100004300,A Answer,Low anterior resection,,,314592008 |Low anterior resection of rectum (procedure)|,,
ColoRectal.Res,Gastrointestinal,4.2.0.0,ColoRectal.Res,126,6683,3.006.001,SPECIMEN,Procedure,1430.100004300,A Answer,Total abdominal colectomy,,,26390003 |Total colectomy (procedure)|,,
ColoRectal.Res,Gastrointestinal,4.2.0.0,ColoRectal.Res,126,6683,3.006.001,SPECIMEN,Procedure,1431.100004300,A Answer,Abdominoperineal resection,,,265414003 |Abdominoperineal resection of rectum (procedure)|,,
ColoRectal.Res,Gastrointestinal,4.2.0.0,ColoRectal.Res,126,6683,3.006.001,SPECIMEN,Procedure,1415.100004300,A Answer,Transanal disk excision (local excision),,,448156002 |Excision of rectum by transanal approach (procedure)|,,
ColoRectal.Res,Gastrointestinal,4.2.0.0,ColoRectal.Res,126,6683,3.006.001,SPECIMEN,Procedure,34083.100004300,A Answer,Endoscopic mucosal resection,,,10381000132106 |Endoscopic mucosal resection of gastrointestinal tract (procedure)|,,
ColoRectal.Res,Gastrointestinal,4.2.0.0,ColoRectal.Res,126,6683,3.006.001,SPECIMEN,Procedure,1432.100004300,AA Answer - Fill-in,Other (specify),'',,123038009 |Specimen (specimen)|,,
ColoRectal.Res,Gastrointestinal,4.2.0.0,ColoRectal.Res,126,6683,3.006.001,SPECIMEN,Procedure,1433.100004300,A Answer,Not specified,,,10003008 |Non-specific (qualifier value)|,,
ColoRectal.Res,Gastrointestinal,4.2.0.0,ColoRectal.Res,126,6683,3.006.001,NULL,SPECIMEN,1457.100004300,Q Question - Single-Select (Combo/Option),?Macroscopic Evaluation of Mesorectum (required for rectal cancers),Macroscopic Evaluation of Mesorectum,,408655002 |Status of intactness of mesorectal specimen (observable entity)|,Needs modeling,
ColoRectal.Res,Gastrointestinal,4.2.0.0,ColoRectal.Res,126,6683,3.006.001,SPECIMEN,?Macroscopic Evaluation of Mesorectum (required for rectal cancers),41653.100004300,A Answer,?Not applicable,Not applicable,,385432009 |Not applicable (qualifier value)|,,
ColoRectal.Res,Gastrointestinal,4.2.0.0,ColoRectal.Res,126,6683,3.006.001,SPECIMEN,?Macroscopic Evaluation of Mesorectum (required for rectal cancers),1459.100004300,A Answer,Complete,,,255594003 |Complete (qualifier value)|,,
ColoRectal.Res,Gastrointestinal,4.2.0.0,ColoRectal.Res,126,6683,3.006.001,SPECIMEN,?Macroscopic Evaluation of Mesorectum (required for rectal cancers),1460.100004300,A Answer,Near complete,,,1990001000004102 |Near complete (qualifier value)|,Needs modeling,
ColoRectal.Res,Gastrointestinal,4.2.0.0,ColoRectal.Res,126,6683,3.006.001,SPECIMEN,?Macroscopic Evaluation of Mesorectum (required for rectal cancers),1461.100004300,A Answer,Incomplete,,,255599008 |Incomplete (qualifier value)|,,
ColoRectal.Res,Gastrointestinal,4.2.0.0,ColoRectal.Res,126,6683,3.006.001,SPECIMEN,?Macroscopic Evaluation of Mesorectum (required for rectal cancers),15380.100004300,AA Answer - Fill-in,Cannot be determined,,,1156316003 |Cannot be determined (qualifier value)|,,
ColoRectal.Res,Gastrointestinal,4.2.0.0,ColoRectal.Res,126,6683,3.006.001,NULL,NULL,15362.100004300,H Section Header,TUMOR,,,,,
ColoRectal.Res,Gastrointestinal,4.2.0.0,ColoRectal.Res,126,6683,3.006.001,NULL,TUMOR,56314.100004300,QQQ Question - Multi-Select Checkbox Label,Tumor Site,Tumor Site,,399687005 |Anatomic location of primary malignant neoplasm (observable entity)|,,
ColoRectal.Res,Gastrointestinal,4.2.0.0,ColoRectal.Res,126,6683,3.006.001,TUMOR,Tumor Site,17262.100004300,AA Answer - Fill-in,Cecum,,,32713005 |Cecum structure (body structure)|,,
ColoRectal.Res,Gastrointestinal,4.2.0.0,ColoRectal.Res,126,6683,3.006.001,TUMOR,Tumor Site,26675.100004300,AA Answer - Fill-in,Ileocecal valve,,,23153004 |Ileocecal valve structure (body structure)|,,
ColoRectal.Res,Gastrointestinal,4.2.0.0,ColoRectal.Res,126,6683,3.006.001,TUMOR,Tumor Site,17263.100004300,AA Answer - Fill-in,Ascending colon,,,9040008 |Ascending colon structure (body structure)|,,
ColoRectal.Res,Gastrointestinal,4.2.0.0,ColoRectal.Res,126,6683,3.006.001,TUMOR,Tumor Site,17264.100004300,AA Answer - Fill-in,Hepatic flexure,,,48338005 |Structure of right colic flexure (body structure)|,,
ColoRectal.Res,Gastrointestinal,4.2.0.0,ColoRectal.Res,126,6683,3.006.001,TUMOR,Tumor Site,17267.100004300,AA Answer - Fill-in,Transverse colon,,,485005 |Transverse colon structure (body structure)|,,
ColoRectal.Res,Gastrointestinal,4.2.0.0,ColoRectal.Res,126,6683,3.006.001,TUMOR,Tumor Site,17268.100004300,AA Answer - Fill-in,Splenic flexure,,,72592005 |Structure of left colic flexure (body structure)|,,
ColoRectal.Res,Gastrointestinal,4.2.0.0,ColoRectal.Res,126,6683,3.006.001,TUMOR,Tumor Site,17269.100004300,AA Answer - Fill-in,Descending colon,,,32622004 |Descending colon structure (body structure)|,,
ColoRectal.Res,Gastrointestinal,4.2.0.0,ColoRectal.Res,126,6683,3.006.001,TUMOR,Tumor Site,17270.100004300,AA Answer - Fill-in,Sigmoid colon,,,60184004 |Sigmoid colon structure (body structure)|,,
ColoRectal.Res,Gastrointestinal,4.2.0.0,ColoRectal.Res,126,6683,3.006.001,TUMOR,Tumor Site,17271.100004300,AA Answer - Fill-in,Rectosigmoid,,,81922002 |Rectosigmoid structure (body structure)|,,
ColoRectal.Res,Gastrointestinal,4.2.0.0,ColoRectal.Res,126,6683,3.006.001,TUMOR,Tumor Site,17273.100004300,AA Answer - Fill-in,Rectum,,,34402009 |Rectum structure (body structure)|,,
ColoRectal.Res,Gastrointestinal,4.2.0.0,ColoRectal.Res,126,6683,3.006.001,Tumor Site,Rectum,26667.100004300,Q Question - Single-Select (Combo/Option),Rectal Tumor Location (applicable only to rectal primaries),Rectal Tumor Location,,1030001000004100 |Site of excised primary malignant neoplasm of rectosigmoid colon relative to peritoneal reflection (observable entity)|,,
ColoRectal.Res,Gastrointestinal,4.2.0.0,ColoRectal.Res,126,6683,3.006.001,Rectum,Rectal Tumor Location (applicable only to rectal primaries),26670.100004300,A Answer,Entirely above anterior peritoneal reflection,,,352730000 |Supra- (qualifier value)|,,
ColoRectal.Res,Gastrointestinal,4.2.0.0,ColoRectal.Res,126,6683,3.006.001,Rectum,Rectal Tumor Location (applicable only to rectal primaries),26668.100004300,A Answer,Entirely below anterior peritoneal reflection,,,351726001 |Below (qualifier value)|,,
ColoRectal.Res,Gastrointestinal,4.2.0.0,ColoRectal.Res,126,6683,3.006.001,Rectum,Rectal Tumor Location (applicable only to rectal primaries),34180.100004300,A Answer,Straddles anterior peritoneal reflection,,,84177009 |Straddling (qualifier value)|,,
ColoRectal.Res,Gastrointestinal,4.2.0.0,ColoRectal.Res,126,6683,3.006.001,Rectum,Rectal Tumor Location (applicable only to rectal primaries),26669.100004300,A Answer,Not specified,,,10003008 |Non-specific (qualifier value)|,,
ColoRectal.Res,Gastrointestinal,4.2.0.0,ColoRectal.Res,126,6683,3.006.001,TUMOR,Tumor Site,17274.100004300,AA Answer - Fill-in,"Colon, not otherwise specified",,,71854001 |Colon structure (body structure)|,,
ColoRectal.Res,Gastrointestinal,4.2.0.0,ColoRectal.Res,126,6683,3.006.001,TUMOR,Tumor Site,17275.100004300,AA Answer - Fill-in,Cannot be determined (explain),Cannot be determined,,1156316003 |Cannot be determined (qualifier value)|,,
ColoRectal.Res,Gastrointestinal,4.2.0.0,ColoRectal.Res,126,6683,3.006.001,NULL,TUMOR,42450.100004300,Q Question - Single-Select (Combo/Option),Histologic Type,Histologic Type,,798721000004104 |Histologic type of primary malignant neoplasm of colon (observable entity)|,,
ColoRectal.Res,Gastrointestinal,4.2.0.0,ColoRectal.Res,126,6683,3.006.001,TUMOR,Histologic Type,1464.100004300,A Answer,Adenocarcinoma,,,"35917007 |Adenocarcinoma, no subtype (morphologic abnormality)|",,
ColoRectal.Res,Gastrointestinal,4.2.0.0,ColoRectal.Res,126,6683,3.006.001,TUMOR,Histologic Type,1465.100004300,A Answer,Mucinous adenocarcinoma,,,72495009 |Mucinous adenocarcinoma (morphologic abnormality)|,,
ColoRectal.Res,Gastrointestinal,4.2.0.0,ColoRectal.Res,126,6683,3.006.001,TUMOR,Histologic Type,1467.100004300,A Answer,Signet-ring cell carcinoma (poorly cohesive carcinoma),,,87737001 |Signet ring cell carcinoma (morphologic abnormality)|,,
ColoRectal.Res,Gastrointestinal,4.2.0.0,ColoRectal.Res,126,6683,3.006.001,TUMOR,Histologic Type,1466.100004300,A Answer,Medullary carcinoma,,,32913002 |Medullary carcinoma (morphologic abnormality)|,,
ColoRectal.Res,Gastrointestinal,4.2.0.0,ColoRectal.Res,126,6683,3.006.001,TUMOR,Histologic Type,38052.100004300,A Answer,Serrated adenocarcinoma,,,450948005 |Serrated adenocarcinoma (morphologic abnormality)|,,
ColoRectal.Res,Gastrointestinal,4.2.0.0,ColoRectal.Res,126,6683,3.006.001,TUMOR,Histologic Type,37995.100004300,A Answer,Micropapillary carcinoma,,,450895005 |Micropapillary carcinoma (morphologic abnormality)|,,
ColoRectal.Res,Gastrointestinal,4.2.0.0,ColoRectal.Res,126,6683,3.006.001,TUMOR,Histologic Type,15381.100004300,A Answer,Adenosquamous carcinoma,,,59367005 |Adenosquamous carcinoma (morphologic abnormality)|,,
ColoRectal.Res,Gastrointestinal,4.2.0.0,ColoRectal.Res,126,6683,3.006.001,TUMOR,Histologic Type,1469.100004300,A Answer,Undifferentiated carcinoma,,,"38549000 |Carcinoma, undifferentiated (morphologic abnormality)|",,
ColoRectal.Res,Gastrointestinal,4.2.0.0,ColoRectal.Res,126,6683,3.006.001,TUMOR,Histologic Type,37884.100004300,A Answer,Carcinoma with sarcomatoid component,,,23109009 |Pseudosarcomatous carcinoma (morphologic abnormality)|,,
ColoRectal.Res,Gastrointestinal,4.2.0.0,ColoRectal.Res,126,6683,3.006.001,TUMOR,Histologic Type,27090.100004300,A Answer,Large cell neuroendocrine carcinoma,,,128628002 |Large cell neuroendocrine carcinoma (morphologic abnormality)|,,
ColoRectal.Res,Gastrointestinal,4.2.0.0,ColoRectal.Res,126,6683,3.006.001,TUMOR,Histologic Type,27091.100004300,A Answer,Small cell neuroendocrine carcinoma,,,719105002 |Small cell neuroendocrine carcinoma (morphologic abnormality)|,,
ColoRectal.Res,Gastrointestinal,4.2.0.0,ColoRectal.Res,126,6683,3.006.001,TUMOR,Histologic Type,41594.100004300,AA Answer - Fill-in,Mixed neuroendocrine-non-neuroendocrine neoplasm (specify components),Mixed neuroendocrine-non-neuroendocrine neoplasm,,785766008 |Mixed neuroendocrine-non neuroendocrine neoplasm (morphologic abnormality)|,,
ColoRectal.Res,Gastrointestinal,4.2.0.0,ColoRectal.Res,126,6683,3.006.001,TUMOR,Histologic Type,1470.100004300,AA Answer - Fill-in,Other histologic type not listed (specify),'',,49755003 |Morphologically abnormal structure (morphologic abnormality)|,,
ColoRectal.Res,Gastrointestinal,4.2.0.0,ColoRectal.Res,126,6683,3.006.001,TUMOR,Histologic Type,1479.100004300,AA Answer - Fill-in,"Carcinoma, type cannot be determined",,,"68453008 |Carcinoma, no subtype (morphologic abnormality)|",,
ColoRectal.Res,Gastrointestinal,4.2.0.0,ColoRectal.Res,126,6683,3.006.001,TUMOR,Histologic Type,35594.100004300,QQ Question - Fill-in,Histologic Type Comment,,,,,
ColoRectal.Res,Gastrointestinal,4.2.0.0,ColoRectal.Res,126,6683,3.006.001,NULL,TUMOR,38111.100004300,Q Question - Single-Select (Combo/Option),Histologic Grade,Histologic Grade,,1870001000004104 |Histologic grade of primary malignant neoplasm of colon (observable entity)|,,
ColoRectal.Res,Gastrointestinal,4.2.0.0,ColoRectal.Res,126,6683,3.006.001,TUMOR,Histologic Grade,38053.100004300,A Answer,"G1, well differentiated",,,1155701009 |G1: Well differentiated histologic grade (qualifier value)|,,
ColoRectal.Res,Gastrointestinal,4.2.0.0,ColoRectal.Res,126,6683,3.006.001,TUMOR,Histologic Grade,38054.100004300,A Answer,"G2, moderately differentiated",,,1155703007 |G2: Moderately differentiated histologic grade (qualifier value)|,,
ColoRectal.Res,Gastrointestinal,4.2.0.0,ColoRectal.Res,126,6683,3.006.001,TUMOR,Histologic Grade,38055.100004300,A Answer,"G3, poorly differentiated",,,1155704001 |G3: Poorly differentiated histologic grade (qualifier value)|,,
ColoRectal.Res,Gastrointestinal,4.2.0.0,ColoRectal.Res,126,6683,3.006.001,TUMOR,Histologic Grade,38056.100004300,A Answer,"G4, undifferentiated",,,1155702002 |G4: Undifferentiated histologic grade (qualifier value)|,,
ColoRectal.Res,Gastrointestinal,4.2.0.0,ColoRectal.Res,126,6683,3.006.001,TUMOR,Histologic Grade,1485.100004300,AA Answer - Fill-in,Other (specify),'',,370114008 |Histological grades (qualifier value)|,,
ColoRectal.Res,Gastrointestinal,4.2.0.0,ColoRectal.Res,126,6683,3.006.001,TUMOR,Histologic Grade,1482.100004300,AA Answer - Fill-in,"GX, cannot be assessed",,,1155705000 |GX: Histologic grade cannot be assessed (qualifier value)|,,
ColoRectal.Res,Gastrointestinal,4.2.0.0,ColoRectal.Res,126,6683,3.006.001,TUMOR,Histologic Grade,1481.100004300,AA Answer - Fill-in,Not applicable,,,385432009 |Not applicable (qualifier value)|,,
ColoRectal.Res,Gastrointestinal,4.2.0.0,ColoRectal.Res,126,6683,3.006.001,NULL,TUMOR,1452.100004300,Q Question - Single-Select (Combo/Option),Tumor Size,,,,,
ColoRectal.Res,Gastrointestinal,4.2.0.0,ColoRectal.Res,126,6683,3.006.001,TUMOR,Tumor Size,1454.100004300,AA Answer - Fill-in,Greatest dimension in Centimeters (cm),Greatest dimension (Centimeters),,200001000004104 |Greatest length dimension of excised primary malignant neoplasm (observable entity)|,,
ColoRectal.Res,Gastrointestinal,4.2.0.0,ColoRectal.Res,126,6683,3.006.001,Tumor Size,Greatest dimension in Centimeters (cm),1455.100004300,QQ Question - Fill-in,Additional Dimension in Centimeters (cm),Additional Dimension (Centimeters),,640001000004105 |Second greatest length dimension of excised primary malignant neoplasm (observable entity)|,,
ColoRectal.Res,Gastrointestinal,4.2.0.0,ColoRectal.Res,126,6683,3.006.001,Tumor Size,Greatest dimension in Centimeters (cm),1456.100004300,QQ Question - Fill-in,Additional Dimension in Centimeters (cm),Additional Dimension (Centimeters),,1620001000004107 |Smallest length dimension of excised primary malignant neoplasm (observable entity)|,,
ColoRectal.Res,Gastrointestinal,4.2.0.0,ColoRectal.Res,126,6683,3.006.001,TUMOR,Tumor Size,1453.100004300,AA Answer - Fill-in,Cannot be determined (explain),Cannot be determined,,1156316003 |Cannot be determined (qualifier value)|,,
ColoRectal.Res,Gastrointestinal,4.2.0.0,ColoRectal.Res,126,6683,3.006.001,NULL,TUMOR,378887.100004300,Q Question - Single-Select (Combo/Option),"?Multiple Primary Sites (e.g., hepatic flexure and transverse colon)",Multiple Primary Sites,,,,
ColoRectal.Res,Gastrointestinal,4.2.0.0,ColoRectal.Res,126,6683,3.006.001,TUMOR,"?Multiple Primary Sites (e.g., hepatic flexure and transverse colon)",378888.100004300,A Answer,?Not applicable (no additional primary site(s) present),Not applicable,,,,
ColoRectal.Res,Gastrointestinal,4.2.0.0,ColoRectal.Res,126,6683,3.006.001,TUMOR,"?Multiple Primary Sites (e.g., hepatic flexure and transverse colon)",378885.100004300,AA Answer - Fill-in,Present,,,52101004 |Present (qualifier value)|,,
ColoRectal.Res,Gastrointestinal,4.2.0.0,ColoRectal.Res,126,6683,3.006.001,"?Multiple Primary Sites (e.g., hepatic flexure and transverse colon)",Present,378886.100004300,Note,Please complete a separate checklist for each primary site,'',,,,
ColoRectal.Res,Gastrointestinal,4.2.0.0,ColoRectal.Res,126,6683,3.006.001,NULL,TUMOR,378883.100004300,Q Question - Single-Select (Combo/Option),Tumor Extent,,,1220001000004105 |Anatomic location directly invaded by primary malignant neoplasm of colon (observable entity)|,,
ColoRectal.Res,Gastrointestinal,4.2.0.0,ColoRectal.Res,126,6683,3.006.001,TUMOR,Tumor Extent,26462.100004300,A Answer,No invasion (high grade dysplasia),,,42978003 |Colonic epithelium (body structure)|,,
ColoRectal.Res,Gastrointestinal,4.2.0.0,ColoRectal.Res,126,6683,3.006.001,TUMOR,Tumor Extent,15421.100004300,A Answer,Invades lamina propria / muscularis mucosae (intramucosal carcinoma),,,113284008 |Colonic lamina propria (body structure)|,,
ColoRectal.Res,Gastrointestinal,4.2.0.0,ColoRectal.Res,126,6683,3.006.001,TUMOR,Tumor Extent,15422.100004300,A Answer,Invades submucosa,,,61647009 |Structure of submucosa of colon (body structure)|,,
ColoRectal.Res,Gastrointestinal,4.2.0.0,ColoRectal.Res,126,6683,3.006.001,TUMOR,Tumor Extent,15423.100004300,A Answer,Invades into muscularis propria,,,41948009 |Structure of muscularis propria of colon (body structure)|,,
ColoRectal.Res,Gastrointestinal,4.2.0.0,ColoRectal.Res,126,6683,3.006.001,TUMOR,Tumor Extent,38060.100004300,A Answer,Invades through muscularis propria into pericolorectal tissue,,,,,
ColoRectal.Res,Gastrointestinal,4.2.0.0,ColoRectal.Res,126,6683,3.006.001,TUMOR,Tumor Extent,38061.100004300,A Answer,Invades visceral peritoneum (including tumor continuous with serosal surface through area of inflammation),Invades visceral peritoneum,,50703002 |Visceral peritoneum structure (body structure)|,,
ColoRectal.Res,Gastrointestinal,4.2.0.0,ColoRectal.Res,126,6683,3.006.001,TUMOR,Tumor Extent,378884.100004300,AA Answer - Fill-in,Directly invades or adheres to adjacent structure(s) (specify),Directly invades or adheres to adjacent structure(s),,1220001000004105 |Anatomic location directly invaded by primary malignant neoplasm of colon (observable entity)|,,
ColoRectal.Res,Gastrointestinal,4.2.0.0,ColoRectal.Res,126,6683,3.006.001,TUMOR,Tumor Extent,15404.100004300,AA Answer - Fill-in,Cannot be determined,,,1156316003 |Cannot be determined (qualifier value)|,,
ColoRectal.Res,Gastrointestinal,4.2.0.0,ColoRectal.Res,126,6683,3.006.001,TUMOR,Tumor Extent,15420.100004300,A Answer,No evidence of primary tumor,,,"Use ""not seen""",,
ColoRectal.Res,Gastrointestinal,4.2.0.0,ColoRectal.Res,126,6683,3.006.001,NULL,TUMOR,15358.100004300,Q Question - Single-Select (Combo/Option),Macroscopic Tumor Perforation,Macroscopic Tumor Perforation,,788481000004105 |Presence of macroscopic perforation of colon by primary malignant neoplasm of colon (observable entity)|,Needs modeling,
ColoRectal.Res,Gastrointestinal,4.2.0.0,ColoRectal.Res,126,6683,3.006.001,TUMOR,Macroscopic Tumor Perforation,15371.100004300,A Answer,Not identified,,,47492008 |Not seen (qualifier value)|,,
ColoRectal.Res,Gastrointestinal,4.2.0.0,ColoRectal.Res,126,6683,3.006.001,TUMOR,Macroscopic Tumor Perforation,15359.100004300,A Answer,Present,,,52101004 |Present (qualifier value)|,,
ColoRectal.Res,Gastrointestinal,4.2.0.0,ColoRectal.Res,126,6683,3.006.001,TUMOR,Macroscopic Tumor Perforation,15373.100004300,AA Answer - Fill-in,Cannot be determined,,,1156316003 |Cannot be determined (qualifier value)|,,
ColoRectal.Res,Gastrointestinal,4.2.0.0,ColoRectal.Res,126,6683,3.006.001,NULL,TUMOR,364806.100004300,QQQ Question - Multi-Select Checkbox Label,Lymphovascular Invasion,,,1155796006 |Presence of direct invasion by primary malignant neoplasm of colon to lymphatic vessel and/or small blood vessel (observable entity)|,Semantics have changed.  Q/A need to be used as follows:,
ColoRectal.Res,Gastrointestinal,4.2.0.0,ColoRectal.Res,126,6683,3.006.001,TUMOR,Lymphovascular Invasion,1545.100004300,A Answer,Not identified,,,47492008 |Not seen (qualifier value)|,,
ColoRectal.Res,Gastrointestinal,4.2.0.0,ColoRectal.Res,126,6683,3.006.001,TUMOR,Lymphovascular Invasion,34228.100004300,AA Answer - Fill-in,Small vessel,,,1155796006 |Presence of direct invasion by primary malignant neoplasm of colon to lymphatic vessel and/or small blood vessel (observable entity)|,,
ColoRectal.Res,Gastrointestinal,4.2.0.0,ColoRectal.Res,126,6683,3.006.001,TUMOR,Lymphovascular Invasion,34231.100004300,AA Answer - Fill-in,"Large vessel (venous), intramural",,,1890001000004107 |Presence of direct invasion by primary malignant neoplasm of colon to blood vessel of colonic submucosa and/or colonic muscularis propria (observable entity)|,,
ColoRectal.Res,Gastrointestinal,4.2.0.0,ColoRectal.Res,126,6683,3.006.001,TUMOR,Lymphovascular Invasion,34232.100004300,AA Answer - Fill-in,"Large vessel (venous), extramural",,,1890001000004107 |Presence of direct invasion by primary malignant neoplasm of colon to blood vessel of colonic submucosa and/or colonic muscularis propria (observable entity)|,,
ColoRectal.Res,Gastrointestinal,4.2.0.0,ColoRectal.Res,126,6683,3.006.001,TUMOR,Lymphovascular Invasion,1546.100004300,AA Answer - Fill-in,Present (not otherwise specified),Present,,52101004 |Present (qualifier value)|,,
ColoRectal.Res,Gastrointestinal,4.2.0.0,ColoRectal.Res,126,6683,3.006.001,TUMOR,Lymphovascular Invasion,1550.100004300,AA Answer - Fill-in,Cannot be determined,,,1156316003 |Cannot be determined (qualifier value)|,,
ColoRectal.Res,Gastrointestinal,4.2.0.0,ColoRectal.Res,126,6683,3.006.001,NULL,TUMOR,1558.100004300,Q Question - Single-Select (Combo/Option),Perineural Invasion,Perineural Invasion,,1155797002 |Presence of direct invasion by primary malignant neoplasm of colon to nerve (observable entity)|,,
ColoRectal.Res,Gastrointestinal,4.2.0.0,ColoRectal.Res,126,6683,3.006.001,TUMOR,Perineural Invasion,1559.100004300,A Answer,Not identified,,,1155797002 |Presence of direct invasion by primary malignant neoplasm of colon to nerve (observable entity)|,,
ColoRectal.Res,Gastrointestinal,4.2.0.0,ColoRectal.Res,126,6683,3.006.001,TUMOR,Perineural Invasion,1560.100004300,A Answer,Present,,,47492008 |Not seen (qualifier value)|,,
ColoRectal.Res,Gastrointestinal,4.2.0.0,ColoRectal.Res,126,6683,3.006.001,TUMOR,Perineural Invasion,15376.100004300,AA Answer - Fill-in,Cannot be determined,,,52101004 |Present (qualifier value)|,,
ColoRectal.Res,Gastrointestinal,4.2.0.0,ColoRectal.Res,126,6683,3.006.001,NULL,TUMOR,38057.100004300,Q Question - Single-Select (Combo/Option),,,,,,
ColoRectal.Res,Gastrointestinal,4.2.0.0,ColoRectal.Res,126,6683,3.006.001,TUMOR,Number of Tumor Buds (per ‘hotspot’ field),38105.100004300,AA Answer - Fill-in,Specify number in one ‘hotspot’ field (in an area = 0.785 mm2),'',,,,
ColoRectal.Res,Gastrointestinal,4.2.0.0,ColoRectal.Res,126,6683,3.006.001,TUMOR,Number of Tumor Buds (per ‘hotspot’ field),364810.100004300,AA Answer - Fill-in,Other (specify),'',,,,
ColoRectal.Res,Gastrointestinal,4.2.0.0,ColoRectal.Res,126,6683,3.006.001,TUMOR,Number of Tumor Buds (per ‘hotspot’ field),45153.100004300,AA Answer - Fill-in,Cannot be determined,,,1156316003 |Cannot be determined (qualifier value)|,,
ColoRectal.Res,Gastrointestinal,4.2.0.0,ColoRectal.Res,126,6683,3.006.001,NULL,TUMOR,38106.100004300,Q Question - Single-Select (Combo/Option),Tumor Bud Score,,,,,
ColoRectal.Res,Gastrointestinal,4.2.0.0,ColoRectal.Res,126,6683,3.006.001,TUMOR,Tumor Bud Score,38107.100004300,A Answer,Low (0-4),,,,,
ColoRectal.Res,Gastrointestinal,4.2.0.0,ColoRectal.Res,126,6683,3.006.001,TUMOR,Tumor Bud Score,38108.100004300,A Answer,Intermediate (5-9),,,,,
ColoRectal.Res,Gastrointestinal,4.2.0.0,ColoRectal.Res,126,6683,3.006.001,TUMOR,Tumor Bud Score,38109.100004300,A Answer,High (10 or more),,,,,
ColoRectal.Res,Gastrointestinal,4.2.0.0,ColoRectal.Res,126,6683,3.006.001,TUMOR,Tumor Bud Score,364807.100004300,AA Answer - Fill-in,Cannot be determined,,,1156316003 |Cannot be determined (qualifier value)|,,
ColoRectal.Res,Gastrointestinal,4.2.0.0,ColoRectal.Res,126,6683,3.006.001,NULL,TUMOR,38114.100004300,Q Question - Single-Select (Combo/Option),Type of Polyp in which Invasive Carcinoma Arose,Type of Polyp in which Invasive Carcinoma Arose,,,,
ColoRectal.Res,Gastrointestinal,4.2.0.0,ColoRectal.Res,126,6683,3.006.001,TUMOR,Type of Polyp in which Invasive Carcinoma Arose,15407.100004300,A Answer,None identified,,,47492008 |Not seen (qualifier value)|,,
ColoRectal.Res,Gastrointestinal,4.2.0.0,ColoRectal.Res,126,6683,3.006.001,TUMOR,Type of Polyp in which Invasive Carcinoma Arose,15438.100004300,A Answer,Tubular adenoma,,,1156654007 |Benign tubular adenoma (morphologic abnormality)|,,
ColoRectal.Res,Gastrointestinal,4.2.0.0,ColoRectal.Res,126,6683,3.006.001,TUMOR,Type of Polyp in which Invasive Carcinoma Arose,15439.100004300,A Answer,Villous adenoma,,,128859003 |Villous adenoma (morphologic abnormality)|,,
ColoRectal.Res,Gastrointestinal,4.2.0.0,ColoRectal.Res,126,6683,3.006.001,TUMOR,Type of Polyp in which Invasive Carcinoma Arose,15440.100004300,A Answer,Tubulovillous adenoma,,,61722000 |Tubulovillous adenoma (morphologic abnormality)|,,
ColoRectal.Res,Gastrointestinal,4.2.0.0,ColoRectal.Res,126,6683,3.006.001,TUMOR,Type of Polyp in which Invasive Carcinoma Arose,15441.100004300,A Answer,Traditional serrated adenoma,,,443734007 |Traditional serrated adenoma (morphologic abnormality)|,,
ColoRectal.Res,Gastrointestinal,4.2.0.0,ColoRectal.Res,126,6683,3.006.001,TUMOR,Type of Polyp in which Invasive Carcinoma Arose,38115.100004300,A Answer,Sessile serrated adenoma / sessile serrated polyp,,,443157008 |Sessile serrated adenoma (morphologic abnormality)|,,
ColoRectal.Res,Gastrointestinal,4.2.0.0,ColoRectal.Res,126,6683,3.006.001,TUMOR,Type of Polyp in which Invasive Carcinoma Arose,15443.100004300,A Answer,Hamartomatous polyp,,,27391005 |Hamartomatous polyp (morphologic abnormality)|,,
ColoRectal.Res,Gastrointestinal,4.2.0.0,ColoRectal.Res,126,6683,3.006.001,TUMOR,Type of Polyp in which Invasive Carcinoma Arose,34234.100004300,AA Answer - Fill-in,Other (specify),'',,41329004 |Polyp (morphologic abnormality)|,,
ColoRectal.Res,Gastrointestinal,4.2.0.0,ColoRectal.Res,126,6683,3.006.001,NULL,TUMOR,379466.100004300,Q Question - Single-Select (Combo/Option),Treatment Effect,Treatment Effect,,,,
ColoRectal.Res,Gastrointestinal,4.2.0.0,ColoRectal.Res,126,6683,3.006.001,TUMOR,Treatment Effect,15405.100004300,A Answer,No known presurgical therapy,,,,,
ColoRectal.Res,Gastrointestinal,4.2.0.0,ColoRectal.Res,126,6683,3.006.001,TUMOR,Treatment Effect,34223.100004300,A Answer,"Present, with no viable cancer cells (complete response, score 0)",,,,,
ColoRectal.Res,Gastrointestinal,4.2.0.0,ColoRectal.Res,126,6683,3.006.001,TUMOR,Treatment Effect,34224.100004300,A Answer,"Present, with single cells or rare small groups of cancer cells (near complete response, score 1)",,,,,
ColoRectal.Res,Gastrointestinal,4.2.0.0,ColoRectal.Res,126,6683,3.006.001,TUMOR,Treatment Effect,34225.100004300,A Answer,"Present, with residual cancer showing evident tumor regression, but more than single cells or rare small groups of cancer cells (partial response, score 2)",,,,,
ColoRectal.Res,Gastrointestinal,4.2.0.0,ColoRectal.Res,126,6683,3.006.001,TUMOR,Treatment Effect,380239.100004300,A Answer,Present (not otherwise specified),Present,,,,
ColoRectal.Res,Gastrointestinal,4.2.0.0,ColoRectal.Res,126,6683,3.006.001,TUMOR,Treatment Effect,34226.100004300,A Answer,"Absent, with extensive residual cancer and no evident tumor regression (poor or no response, score 3)",,,,,
ColoRectal.Res,Gastrointestinal,4.2.0.0,ColoRectal.Res,126,6683,3.006.001,TUMOR,Treatment Effect,15435.100004300,AA Answer - Fill-in,Cannot be determined,,,1156316003 |Cannot be determined (qualifier value)|,,
ColoRectal.Res,Gastrointestinal,4.2.0.0,ColoRectal.Res,126,6683,3.006.001,NULL,TUMOR,379465.100004300,QQ Question - Fill-in,Tumor Comment,,,,,
ColoRectal.Res,Gastrointestinal,4.2.0.0,ColoRectal.Res,126,6683,3.006.001,NULL,NULL,1510.100004300,H Section Header,MARGINS,MARGINS,,,,
ColoRectal.Res,Gastrointestinal,4.2.0.0,ColoRectal.Res,126,6683,3.006.001,NULL,MARGINS,364711.100004300,Q Question - Single-Select (Combo/Option),Margin Status for Invasive Carcinoma,,,1156372009 |Presence of primary malignant neoplasm of colon at surgical margin in colectomy specimen (observable entity)|,,
ColoRectal.Res,Gastrointestinal,4.2.0.0,ColoRectal.Res,126,6683,3.006.001,MARGINS,Margin Status for Invasive Carcinoma,364712.100004300,A Answer,All margins negative for invasive carcinoma,,,2667000 |Absent (qualifier value)|,,
ColoRectal.Res,Gastrointestinal,4.2.0.0,ColoRectal.Res,126,6683,3.006.001,Margin Status for Invasive Carcinoma,All margins negative for invasive carcinoma,364717.100004300,QQQ Question - Multi-Select Checkbox Label,Closest Margin(s) to Invasive Carcinoma,,,6070001000004100 |Surgical margin closest to carcinoma in excised specimen of colon (observable entity)|,,
ColoRectal.Res,Gastrointestinal,4.2.0.0,ColoRectal.Res,126,6683,3.006.001,All margins negative for invasive carcinoma,Closest Margin(s) to Invasive Carcinoma,364718.100004300,AA Answer - Fill-in,Proximal,,,1370001000004102 |Proximal surgical margin (morphologic abnormality)|,,
ColoRectal.Res,Gastrointestinal,4.2.0.0,ColoRectal.Res,126,6683,3.006.001,All margins negative for invasive carcinoma,Closest Margin(s) to Invasive Carcinoma,364719.100004300,AA Answer - Fill-in,Distal,,,880001000004108 |Distal surgical margin (morphologic abnormality)|,,
ColoRectal.Res,Gastrointestinal,4.2.0.0,ColoRectal.Res,126,6683,3.006.001,All margins negative for invasive carcinoma,Closest Margin(s) to Invasive Carcinoma,364708.100004300,AA Answer - Fill-in,Radial (circumferential) or mesenteric,,,1095801000004106 |Radial surgical margin (morphologic abnormality)|,,
ColoRectal.Res,Gastrointestinal,4.2.0.0,ColoRectal.Res,126,6683,3.006.001,All margins negative for invasive carcinoma,Closest Margin(s) to Invasive Carcinoma,364709.100004300,AA Answer - Fill-in,Deep,,,990001000004102 |Deep surgical margin (morphologic abnormality)|,,
ColoRectal.Res,Gastrointestinal,4.2.0.0,ColoRectal.Res,126,6683,3.006.001,All margins negative for invasive carcinoma,Closest Margin(s) to Invasive Carcinoma,364707.100004300,AA Answer - Fill-in,"Mucosal (specify location / o'clock position, if possible)",Mucosal,,1156299008 |Mucosal surgical margin (morphologic abnormality)|,,
ColoRectal.Res,Gastrointestinal,4.2.0.0,ColoRectal.Res,126,6683,3.006.001,All margins negative for invasive carcinoma,Closest Margin(s) to Invasive Carcinoma,364720.100004300,AA Answer - Fill-in,Other (specify),'',,871811002 |Surgical margin (morphologic abnormality)|,,
ColoRectal.Res,Gastrointestinal,4.2.0.0,ColoRectal.Res,126,6683,3.006.001,All margins negative for invasive carcinoma,Closest Margin(s) to Invasive Carcinoma,364721.100004300,AA Answer - Fill-in,Cannot be determined,,,1156316003 |Cannot be determined (qualifier value)|,,
ColoRectal.Res,Gastrointestinal,4.2.0.0,ColoRectal.Res,126,6683,3.006.001,Margin Status for Invasive Carcinoma,All margins negative for invasive carcinoma,364742.100004300,Q Question - Single-Select (Combo/Option),Distance from Invasive Carcinoma to Closest Margin ,,,384891002 |Distance of malignant neoplasm from closest surgical margin in excised specimen (observable entity)|,,
ColoRectal.Res,Gastrointestinal,4.2.0.0,ColoRectal.Res,126,6683,3.006.001,All margins negative for invasive carcinoma,Distance from Invasive Carcinoma to Closest Margin ,364750.100004300,Note,Specify in Centimeters (cm),'',,,,
ColoRectal.Res,Gastrointestinal,4.2.0.0,ColoRectal.Res,126,6683,3.006.001,All margins negative for invasive carcinoma,Distance from Invasive Carcinoma to Closest Margin ,364749.100004300,AA Answer - Fill-in,Exact distance in cm,'',,,,
ColoRectal.Res,Gastrointestinal,4.2.0.0,ColoRectal.Res,126,6683,3.006.001,All margins negative for invasive carcinoma,Distance from Invasive Carcinoma to Closest Margin ,364751.100004300,A Answer,Greater than 1 cm,,,,,760001000004107 |Presence of neoplasm at surgical margin in excised colorectal surgical specimen (observable entity)|
ColoRectal.Res,Gastrointestinal,4.2.0.0,ColoRectal.Res,126,6683,3.006.001,All margins negative for invasive carcinoma,Distance from Invasive Carcinoma to Closest Margin ,364746.100004300,Note,Specify in Millimeters (mm),'',,,,
ColoRectal.Res,Gastrointestinal,4.2.0.0,ColoRectal.Res,126,6683,3.006.001,All margins negative for invasive carcinoma,Distance from Invasive Carcinoma to Closest Margin ,364747.100004300,AA Answer - Fill-in,Exact distance in mm,'',,,,
ColoRectal.Res,Gastrointestinal,4.2.0.0,ColoRectal.Res,126,6683,3.006.001,All margins negative for invasive carcinoma,Distance from Invasive Carcinoma to Closest Margin ,364743.100004300,A Answer,Greater than 10 mm,,,,,
ColoRectal.Res,Gastrointestinal,4.2.0.0,ColoRectal.Res,126,6683,3.006.001,All margins negative for invasive carcinoma,Distance from Invasive Carcinoma to Closest Margin ,364748.100004300,Note,Other,'',,,,
ColoRectal.Res,Gastrointestinal,4.2.0.0,ColoRectal.Res,126,6683,3.006.001,All margins negative for invasive carcinoma,Distance from Invasive Carcinoma to Closest Margin ,364744.100004300,AA Answer - Fill-in,Other (specify),'',,,,
ColoRectal.Res,Gastrointestinal,4.2.0.0,ColoRectal.Res,126,6683,3.006.001,All margins negative for invasive carcinoma,Distance from Invasive Carcinoma to Closest Margin ,364745.100004300,AA Answer - Fill-in,Cannot be determined,,,1156316003 |Cannot be determined (qualifier value)|,,
ColoRectal.Res,Gastrointestinal,4.2.0.0,ColoRectal.Res,126,6683,3.006.001,Margin Status for Invasive Carcinoma,All margins negative for invasive carcinoma,364722.100004300,Q Question - Single-Select (Combo/Option),?Distance from Invasive Carcinoma to Radial (Circumferential) Margin (required for rectal tumors) ,Distance from Invasive Carcinoma to Radial (Circumferential) Margin,,,,
ColoRectal.Res,Gastrointestinal,4.2.0.0,ColoRectal.Res,126,6683,3.006.001,All margins negative for invasive carcinoma,?Distance from Invasive Carcinoma to Radial (Circumferential) Margin (required for rectal tumors) ,364752.100004300,A Answer,?Not applicable (not a rectal tumor),Not applicable,,,,
ColoRectal.Res,Gastrointestinal,4.2.0.0,ColoRectal.Res,126,6683,3.006.001,All margins negative for invasive carcinoma,?Distance from Invasive Carcinoma to Radial (Circumferential) Margin (required for rectal tumors) ,364753.100004300,AA Answer - Fill-in,Distance already reported as closest margin,,,,,
ColoRectal.Res,Gastrointestinal,4.2.0.0,ColoRectal.Res,126,6683,3.006.001,All margins negative for invasive carcinoma,?Distance from Invasive Carcinoma to Radial (Circumferential) Margin (required for rectal tumors) ,364740.100004300,Note,Specify in Centimeters (cm),'',,,,
ColoRectal.Res,Gastrointestinal,4.2.0.0,ColoRectal.Res,126,6683,3.006.001,All margins negative for invasive carcinoma,?Distance from Invasive Carcinoma to Radial (Circumferential) Margin (required for rectal tumors) ,364739.100004300,AA Answer - Fill-in,Exact distance in cm,'',,,,
ColoRectal.Res,Gastrointestinal,4.2.0.0,ColoRectal.Res,126,6683,3.006.001,All margins negative for invasive carcinoma,?Distance from Invasive Carcinoma to Radial (Circumferential) Margin (required for rectal tumors) ,364741.100004300,A Answer,Greater than 1 cm,,,,,
ColoRectal.Res,Gastrointestinal,4.2.0.0,ColoRectal.Res,126,6683,3.006.001,All margins negative for invasive carcinoma,?Distance from Invasive Carcinoma to Radial (Circumferential) Margin (required for rectal tumors) ,364726.100004300,Note,Specify in Millimeters (mm),'',,,,
ColoRectal.Res,Gastrointestinal,4.2.0.0,ColoRectal.Res,126,6683,3.006.001,All margins negative for invasive carcinoma,?Distance from Invasive Carcinoma to Radial (Circumferential) Margin (required for rectal tumors) ,364727.100004300,AA Answer - Fill-in,Exact distance in mm,'',,,,
ColoRectal.Res,Gastrointestinal,4.2.0.0,ColoRectal.Res,126,6683,3.006.001,All margins negative for invasive carcinoma,?Distance from Invasive Carcinoma to Radial (Circumferential) Margin (required for rectal tumors) ,364723.100004300,A Answer,Greater than 10 mm,,,,,
ColoRectal.Res,Gastrointestinal,4.2.0.0,ColoRectal.Res,126,6683,3.006.001,All margins negative for invasive carcinoma,?Distance from Invasive Carcinoma to Radial (Circumferential) Margin (required for rectal tumors) ,364738.100004300,Note,Other,'',,,,
ColoRectal.Res,Gastrointestinal,4.2.0.0,ColoRectal.Res,126,6683,3.006.001,All margins negative for invasive carcinoma,?Distance from Invasive Carcinoma to Radial (Circumferential) Margin (required for rectal tumors) ,364724.100004300,AA Answer - Fill-in,Other (specify),'',,,,
ColoRectal.Res,Gastrointestinal,4.2.0.0,ColoRectal.Res,126,6683,3.006.001,All margins negative for invasive carcinoma,?Distance from Invasive Carcinoma to Radial (Circumferential) Margin (required for rectal tumors) ,364725.100004300,AA Answer - Fill-in,Cannot be determined,,,1156316003 |Cannot be determined (qualifier value)|,,
ColoRectal.Res,Gastrointestinal,4.2.0.0,ColoRectal.Res,126,6683,3.006.001,Margin Status for Invasive Carcinoma,All margins negative for invasive carcinoma,364754.100004300,Q Question - Single-Select (Combo/Option),Distance from Invasive Carcinoma to Distal Margin (recommended for rectal tumors) ,Distance from Invasive Carcinoma to Distal Margin ,,,,
ColoRectal.Res,Gastrointestinal,4.2.0.0,ColoRectal.Res,126,6683,3.006.001,All margins negative for invasive carcinoma,Distance from Invasive Carcinoma to Distal Margin (recommended for rectal tumors) ,366570.100004300,A Answer,?Not applicable (not a rectal tumor),Not applicable,,,,
ColoRectal.Res,Gastrointestinal,4.2.0.0,ColoRectal.Res,126,6683,3.006.001,All margins negative for invasive carcinoma,Distance from Invasive Carcinoma to Distal Margin (recommended for rectal tumors) ,366569.100004300,AA Answer - Fill-in,Distance already reported as closest margin,,,,,
ColoRectal.Res,Gastrointestinal,4.2.0.0,ColoRectal.Res,126,6683,3.006.001,All margins negative for invasive carcinoma,Distance from Invasive Carcinoma to Distal Margin (recommended for rectal tumors) ,364762.100004300,Note,Specify in Centimeters (cm),'',,,,
ColoRectal.Res,Gastrointestinal,4.2.0.0,ColoRectal.Res,126,6683,3.006.001,All margins negative for invasive carcinoma,Distance from Invasive Carcinoma to Distal Margin (recommended for rectal tumors) ,364761.100004300,AA Answer - Fill-in,Exact distance in cm,'',,,,
ColoRectal.Res,Gastrointestinal,4.2.0.0,ColoRectal.Res,126,6683,3.006.001,All margins negative for invasive carcinoma,Distance from Invasive Carcinoma to Distal Margin (recommended for rectal tumors) ,364763.100004300,A Answer,Greater than 1 cm,,,,,
ColoRectal.Res,Gastrointestinal,4.2.0.0,ColoRectal.Res,126,6683,3.006.001,All margins negative for invasive carcinoma,Distance from Invasive Carcinoma to Distal Margin (recommended for rectal tumors) ,364758.100004300,Note,Specify in Millimeters (mm),'',,,,
ColoRectal.Res,Gastrointestinal,4.2.0.0,ColoRectal.Res,126,6683,3.006.001,All margins negative for invasive carcinoma,Distance from Invasive Carcinoma to Distal Margin (recommended for rectal tumors) ,364759.100004300,AA Answer - Fill-in,Exact distance in mm,'',,,,
ColoRectal.Res,Gastrointestinal,4.2.0.0,ColoRectal.Res,126,6683,3.006.001,All margins negative for invasive carcinoma,Distance from Invasive Carcinoma to Distal Margin (recommended for rectal tumors) ,364755.100004300,A Answer,Greater than 10 mm,,,,,
ColoRectal.Res,Gastrointestinal,4.2.0.0,ColoRectal.Res,126,6683,3.006.001,All margins negative for invasive carcinoma,Distance from Invasive Carcinoma to Distal Margin (recommended for rectal tumors) ,364760.100004300,Note,Other,'',,,,
ColoRectal.Res,Gastrointestinal,4.2.0.0,ColoRectal.Res,126,6683,3.006.001,All margins negative for invasive carcinoma,Distance from Invasive Carcinoma to Distal Margin (recommended for rectal tumors) ,364756.100004300,AA Answer - Fill-in,Other (specify),'',,,,
ColoRectal.Res,Gastrointestinal,4.2.0.0,ColoRectal.Res,126,6683,3.006.001,All margins negative for invasive carcinoma,Distance from Invasive Carcinoma to Distal Margin (recommended for rectal tumors) ,364757.100004300,AA Answer - Fill-in,Cannot be determined,,,1156316003 |Cannot be determined (qualifier value)|,,
ColoRectal.Res,Gastrointestinal,4.2.0.0,ColoRectal.Res,126,6683,3.006.001,Margin Status for Invasive Carcinoma,All margins negative for invasive carcinoma,364764.100004300,Q Question - Single-Select (Combo/Option),?Distance from Invasive Carcinoma to Closest Mucosal Margin (relevant and required only for transanal disc excisions) ,Distance from Invasive Carcinoma to Closest Mucosal Margin,,422205000 |Distance of malignant neoplasm from closest surgical margin of mesentery of colon in excised specimen (observable entity)|,,
ColoRectal.Res,Gastrointestinal,4.2.0.0,ColoRectal.Res,126,6683,3.006.001,All margins negative for invasive carcinoma,?Distance from Invasive Carcinoma to Closest Mucosal Margin (relevant and required only for transanal disc excisions) ,364774.100004300,A Answer,?Not applicable (not a transanal disc excision),Not applicable,,,,
ColoRectal.Res,Gastrointestinal,4.2.0.0,ColoRectal.Res,126,6683,3.006.001,All margins negative for invasive carcinoma,?Distance from Invasive Carcinoma to Closest Mucosal Margin (relevant and required only for transanal disc excisions) ,364775.100004300,AA Answer - Fill-in,Distance already reported as closest margin,,,,,
ColoRectal.Res,Gastrointestinal,4.2.0.0,ColoRectal.Res,126,6683,3.006.001,All margins negative for invasive carcinoma,?Distance from Invasive Carcinoma to Closest Mucosal Margin (relevant and required only for transanal disc excisions) ,364772.100004300,Note,Specify in Centimeters (cm),'',,,,
ColoRectal.Res,Gastrointestinal,4.2.0.0,ColoRectal.Res,126,6683,3.006.001,All margins negative for invasive carcinoma,?Distance from Invasive Carcinoma to Closest Mucosal Margin (relevant and required only for transanal disc excisions) ,364771.100004300,AA Answer - Fill-in,Exact distance in cm,'',,,,
ColoRectal.Res,Gastrointestinal,4.2.0.0,ColoRectal.Res,126,6683,3.006.001,All margins negative for invasive carcinoma,?Distance from Invasive Carcinoma to Closest Mucosal Margin (relevant and required only for transanal disc excisions) ,364773.100004300,A Answer,Greater than 1 cm,,,,,
ColoRectal.Res,Gastrointestinal,4.2.0.0,ColoRectal.Res,126,6683,3.006.001,All margins negative for invasive carcinoma,?Distance from Invasive Carcinoma to Closest Mucosal Margin (relevant and required only for transanal disc excisions) ,364768.100004300,Note,Specify in Millimeters (mm),'',,,,
ColoRectal.Res,Gastrointestinal,4.2.0.0,ColoRectal.Res,126,6683,3.006.001,All margins negative for invasive carcinoma,?Distance from Invasive Carcinoma to Closest Mucosal Margin (relevant and required only for transanal disc excisions) ,364769.100004300,AA Answer - Fill-in,Exact distance in mm,'',,,,
ColoRectal.Res,Gastrointestinal,4.2.0.0,ColoRectal.Res,126,6683,3.006.001,All margins negative for invasive carcinoma,?Distance from Invasive Carcinoma to Closest Mucosal Margin (relevant and required only for transanal disc excisions) ,364765.100004300,A Answer,Greater than 10 mm,,,,,
ColoRectal.Res,Gastrointestinal,4.2.0.0,ColoRectal.Res,126,6683,3.006.001,All margins negative for invasive carcinoma,?Distance from Invasive Carcinoma to Closest Mucosal Margin (relevant and required only for transanal disc excisions) ,364770.100004300,Note,Other,'',,,,
ColoRectal.Res,Gastrointestinal,4.2.0.0,ColoRectal.Res,126,6683,3.006.001,All margins negative for invasive carcinoma,?Distance from Invasive Carcinoma to Closest Mucosal Margin (relevant and required only for transanal disc excisions) ,364766.100004300,AA Answer - Fill-in,Other (specify),'',,,,
ColoRectal.Res,Gastrointestinal,4.2.0.0,ColoRectal.Res,126,6683,3.006.001,All margins negative for invasive carcinoma,?Distance from Invasive Carcinoma to Closest Mucosal Margin (relevant and required only for transanal disc excisions) ,364767.100004300,AA Answer - Fill-in,Cannot be determined,,,1156316003 |Cannot be determined (qualifier value)|,,
ColoRectal.Res,Gastrointestinal,4.2.0.0,ColoRectal.Res,126,6683,3.006.001,MARGINS,Margin Status for Invasive Carcinoma,364713.100004300,A Answer,Invasive carcinoma present at margin,,,Present,,
ColoRectal.Res,Gastrointestinal,4.2.0.0,ColoRectal.Res,126,6683,3.006.001,Margin Status for Invasive Carcinoma,Invasive carcinoma present at margin,364779.100004300,QQQ Question - Multi-Select Checkbox Label,Margin(s) Involved by Invasive Carcinoma,,,1155985008 |Surgical margin involved by primary malignant neoplasm of colon in colectomy specimen (observable entity)|,,
ColoRectal.Res,Gastrointestinal,4.2.0.0,ColoRectal.Res,126,6683,3.006.001,Invasive carcinoma present at margin,Margin(s) Involved by Invasive Carcinoma,364780.100004300,AA Answer - Fill-in,Proximal,,,1370001000004102 |Proximal surgical margin (morphologic abnormality)|,,
ColoRectal.Res,Gastrointestinal,4.2.0.0,ColoRectal.Res,126,6683,3.006.001,Invasive carcinoma present at margin,Margin(s) Involved by Invasive Carcinoma,364781.100004300,AA Answer - Fill-in,Distal,,,880001000004108 |Distal surgical margin (morphologic abnormality)|,,
ColoRectal.Res,Gastrointestinal,4.2.0.0,ColoRectal.Res,126,6683,3.006.001,Invasive carcinoma present at margin,Margin(s) Involved by Invasive Carcinoma,364777.100004300,AA Answer - Fill-in,Radial (circumferential) or mesenteric,,,1095801000004106 |Radial surgical margin (morphologic abnormality)|,,
ColoRectal.Res,Gastrointestinal,4.2.0.0,ColoRectal.Res,126,6683,3.006.001,Invasive carcinoma present at margin,Margin(s) Involved by Invasive Carcinoma,364778.100004300,AA Answer - Fill-in,Deep,,,990001000004102 |Deep surgical margin (morphologic abnormality)|,,
ColoRectal.Res,Gastrointestinal,4.2.0.0,ColoRectal.Res,126,6683,3.006.001,Invasive carcinoma present at margin,Margin(s) Involved by Invasive Carcinoma,364776.100004300,AA Answer - Fill-in,"Mucosal (specify location / o'clock position, if possible)",Mucosal,,1156299008 |Mucosal surgical margin (morphologic abnormality)|,,
ColoRectal.Res,Gastrointestinal,4.2.0.0,ColoRectal.Res,126,6683,3.006.001,Invasive carcinoma present at margin,Margin(s) Involved by Invasive Carcinoma,364782.100004300,AA Answer - Fill-in,Other (specify),'',,871811002 |Surgical margin (morphologic abnormality)|,,
ColoRectal.Res,Gastrointestinal,4.2.0.0,ColoRectal.Res,126,6683,3.006.001,Invasive carcinoma present at margin,Margin(s) Involved by Invasive Carcinoma,364783.100004300,AA Answer - Fill-in,Cannot be determined,,,1156316003 |Cannot be determined (qualifier value)|,,
ColoRectal.Res,Gastrointestinal,4.2.0.0,ColoRectal.Res,126,6683,3.006.001,MARGINS,Margin Status for Invasive Carcinoma,364714.100004300,AA Answer - Fill-in,Other (specify),'',,,,
ColoRectal.Res,Gastrointestinal,4.2.0.0,ColoRectal.Res,126,6683,3.006.001,MARGINS,Margin Status for Invasive Carcinoma,364715.100004300,AA Answer - Fill-in,Cannot be determined (explain),Cannot be determined,,1156316003 |Cannot be determined (qualifier value)|,,
ColoRectal.Res,Gastrointestinal,4.2.0.0,ColoRectal.Res,126,6683,3.006.001,MARGINS,Margin Status for Invasive Carcinoma,364716.100004300,A Answer,Not applicable,,,,,
ColoRectal.Res,Gastrointestinal,4.2.0.0,ColoRectal.Res,126,6683,3.006.001,NULL,MARGINS,364784.100004300,QQQ Question - Multi-Select Checkbox Label,Margin Status for Non-Invasive Tumor,,,760001000004107 |Presence of neoplasm at surgical margin in excised colorectal surgical specimen (observable entity)|,,
ColoRectal.Res,Gastrointestinal,4.2.0.0,ColoRectal.Res,126,6683,3.006.001,MARGINS,Margin Status for Non-Invasive Tumor,364785.100004300,A Answer,All margins negative for high-grade dysplasia / intramucosal carcinoma and low-grade dysplasia,,,,,
ColoRectal.Res,Gastrointestinal,4.2.0.0,ColoRectal.Res,126,6683,3.006.001,MARGINS,Margin Status for Non-Invasive Tumor,364786.100004300,A Answer,High-grade dysplasia / intramucosal carcinoma present at margin,,,,,
ColoRectal.Res,Gastrointestinal,4.2.0.0,ColoRectal.Res,126,6683,3.006.001,Margin Status for Non-Invasive Tumor,High-grade dysplasia / intramucosal carcinoma present at margin,364795.100004300,QQQ Question - Multi-Select Checkbox Label,Margin(s) Involved by High-Grade Dysplasia / Intramucosal Carcinoma,,,,,
ColoRectal.Res,Gastrointestinal,4.2.0.0,ColoRectal.Res,126,6683,3.006.001,High-grade dysplasia / intramucosal carcinoma present at margin,Margin(s) Involved by High-Grade Dysplasia / Intramucosal Carcinoma,364796.100004300,AA Answer - Fill-in,Proximal,,,1370001000004102 |Proximal surgical margin (morphologic abnormality)|,,
ColoRectal.Res,Gastrointestinal,4.2.0.0,ColoRectal.Res,126,6683,3.006.001,High-grade dysplasia / intramucosal carcinoma present at margin,Margin(s) Involved by High-Grade Dysplasia / Intramucosal Carcinoma,364797.100004300,AA Answer - Fill-in,Distal,,,880001000004108 |Distal surgical margin (morphologic abnormality)|,,
ColoRectal.Res,Gastrointestinal,4.2.0.0,ColoRectal.Res,126,6683,3.006.001,High-grade dysplasia / intramucosal carcinoma present at margin,Margin(s) Involved by High-Grade Dysplasia / Intramucosal Carcinoma,364792.100004300,AA Answer - Fill-in,"Mucosal (specify location / o'clock position, if possible)",Mucosal,,1156299008 |Mucosal surgical margin (morphologic abnormality)|,,
ColoRectal.Res,Gastrointestinal,4.2.0.0,ColoRectal.Res,126,6683,3.006.001,High-grade dysplasia / intramucosal carcinoma present at margin,Margin(s) Involved by High-Grade Dysplasia / Intramucosal Carcinoma,364798.100004300,AA Answer - Fill-in,Other (specify),'',,871811002 |Surgical margin (morphologic abnormality)|,,
ColoRectal.Res,Gastrointestinal,4.2.0.0,ColoRectal.Res,126,6683,3.006.001,High-grade dysplasia / intramucosal carcinoma present at margin,Margin(s) Involved by High-Grade Dysplasia / Intramucosal Carcinoma,364799.100004300,AA Answer - Fill-in,Cannot be determined,,,1156316003 |Cannot be determined (qualifier value)|,,
ColoRectal.Res,Gastrointestinal,4.2.0.0,ColoRectal.Res,126,6683,3.006.001,MARGINS,Margin Status for Non-Invasive Tumor,364790.100004300,A Answer,Low-grade dysplasia present at margin,,,,,
ColoRectal.Res,Gastrointestinal,4.2.0.0,ColoRectal.Res,126,6683,3.006.001,Margin Status for Non-Invasive Tumor,Low-grade dysplasia present at margin,364801.100004300,QQQ Question - Multi-Select Checkbox Label,Margin(s) Involved by Low-Grade Dysplasia,,,760001000004107 |Presence of neoplasm at surgical margin in excised colorectal surgical specimen (observable entity)|,,
ColoRectal.Res,Gastrointestinal,4.2.0.0,ColoRectal.Res,126,6683,3.006.001,Low-grade dysplasia present at margin,Margin(s) Involved by Low-Grade Dysplasia,364802.100004300,AA Answer - Fill-in,Proximal,,,1370001000004102 |Proximal surgical margin (morphologic abnormality)|,,
ColoRectal.Res,Gastrointestinal,4.2.0.0,ColoRectal.Res,126,6683,3.006.001,Low-grade dysplasia present at margin,Margin(s) Involved by Low-Grade Dysplasia,364803.100004300,AA Answer - Fill-in,Distal,,,880001000004108 |Distal surgical margin (morphologic abnormality)|,,
ColoRectal.Res,Gastrointestinal,4.2.0.0,ColoRectal.Res,126,6683,3.006.001,Low-grade dysplasia present at margin,Margin(s) Involved by Low-Grade Dysplasia,364800.100004300,AA Answer - Fill-in,"Mucosal (specify location / o'clock position, if possible)",Mucosal,,1156299008 |Mucosal surgical margin (morphologic abnormality)|,,
ColoRectal.Res,Gastrointestinal,4.2.0.0,ColoRectal.Res,126,6683,3.006.001,Low-grade dysplasia present at margin,Margin(s) Involved by Low-Grade Dysplasia,364804.100004300,AA Answer - Fill-in,Other (specify),'',,871811002 |Surgical margin (morphologic abnormality)|,,
ColoRectal.Res,Gastrointestinal,4.2.0.0,ColoRectal.Res,126,6683,3.006.001,Low-grade dysplasia present at margin,Margin(s) Involved by Low-Grade Dysplasia,364805.100004300,AA Answer - Fill-in,Cannot be determined,,,1156316003 |Cannot be determined (qualifier value)|,,
ColoRectal.Res,Gastrointestinal,4.2.0.0,ColoRectal.Res,126,6683,3.006.001,MARGINS,Margin Status for Non-Invasive Tumor,364787.100004300,AA Answer - Fill-in,Other (specify),'',,,,
ColoRectal.Res,Gastrointestinal,4.2.0.0,ColoRectal.Res,126,6683,3.006.001,MARGINS,Margin Status for Non-Invasive Tumor,364788.100004300,AA Answer - Fill-in,Cannot be determined (explain),Cannot be determined,,1156316003 |Cannot be determined (qualifier value)|,,
ColoRectal.Res,Gastrointestinal,4.2.0.0,ColoRectal.Res,126,6683,3.006.001,MARGINS,Margin Status for Non-Invasive Tumor,364789.100004300,A Answer,Not applicable,,,,,
ColoRectal.Res,Gastrointestinal,4.2.0.0,ColoRectal.Res,126,6683,3.006.001,NULL,MARGINS,364791.100004300,QQ Question - Fill-in,Margin Comment,,,,,
ColoRectal.Res,Gastrointestinal,4.2.0.0,ColoRectal.Res,126,6683,3.006.001,NULL,NULL,34090.100004300,H Section Header,REGIONAL LYMPH NODES,,,,,
ColoRectal.Res,Gastrointestinal,4.2.0.0,ColoRectal.Res,126,6683,3.006.001,NULL,REGIONAL LYMPH NODES,374359.100004300,Q Question - Single-Select (Combo/Option),Regional Lymph Node Status,,,,,
ColoRectal.Res,Gastrointestinal,4.2.0.0,ColoRectal.Res,126,6683,3.006.001,REGIONAL LYMPH NODES,Regional Lymph Node Status,5790.100004300,A Answer,Not applicable (no regional lymph nodes submitted or found),,,,,
ColoRectal.Res,Gastrointestinal,4.2.0.0,ColoRectal.Res,126,6683,3.006.001,REGIONAL LYMPH NODES,Regional Lymph Node Status,374360.100004300,A Answer,Regional lymph nodes present,'',,,,
ColoRectal.Res,Gastrointestinal,4.2.0.0,ColoRectal.Res,126,6683,3.006.001,Regional Lymph Node Status,Regional lymph nodes present,356547.100004300,Q Question - Single-Select (Combo/Option),,,Regional Lymph Node Status,,,
ColoRectal.Res,Gastrointestinal,4.2.0.0,ColoRectal.Res,126,6683,3.006.001,Regional lymph nodes present,,356543.100004300,A Answer,All regional lymph nodes negative for tumor,,,,,
ColoRectal.Res,Gastrointestinal,4.2.0.0,ColoRectal.Res,126,6683,3.006.001,Regional lymph nodes present,,356548.100004300,A Answer,Tumor present in regional lymph node(s),,,,,
ColoRectal.Res,Gastrointestinal,4.2.0.0,ColoRectal.Res,126,6683,3.006.001,,Tumor present in regional lymph node(s),34186.100004300,Q Question - Single-Select (Combo/Option),Number of Lymph Nodes with Tumor,,,443527007 |Number of lymph nodes containing metastatic neoplasm in excised specimen (observable entity)|,,
ColoRectal.Res,Gastrointestinal,4.2.0.0,ColoRectal.Res,126,6683,3.006.001,Tumor present in regional lymph node(s),Number of Lymph Nodes with Tumor,5795.100004300,AA Answer - Fill-in,Exact number (specify),'',,,,
ColoRectal.Res,Gastrointestinal,4.2.0.0,ColoRectal.Res,126,6683,3.006.001,Tumor present in regional lymph node(s),Number of Lymph Nodes with Tumor,34092.100004300,AA Answer - Fill-in,At least (specify),At least,,,,
ColoRectal.Res,Gastrointestinal,4.2.0.0,ColoRectal.Res,126,6683,3.006.001,Tumor present in regional lymph node(s),Number of Lymph Nodes with Tumor,356546.100004300,AA Answer - Fill-in,Other (specify),'',,,,
ColoRectal.Res,Gastrointestinal,4.2.0.0,ColoRectal.Res,126,6683,3.006.001,Tumor present in regional lymph node(s),Number of Lymph Nodes with Tumor,5796.100004300,AA Answer - Fill-in,Cannot be determined (explain),Cannot be determined,,1156316003 |Cannot be determined (qualifier value)|,,
ColoRectal.Res,Gastrointestinal,4.2.0.0,ColoRectal.Res,126,6683,3.006.001,Regional lymph nodes present,,356544.100004300,AA Answer - Fill-in,Other (specify),'',,,,
ColoRectal.Res,Gastrointestinal,4.2.0.0,ColoRectal.Res,126,6683,3.006.001,Regional lymph nodes present,,356545.100004300,AA Answer - Fill-in,Cannot be determined (explain),Cannot be determined,,1156316003 |Cannot be determined (qualifier value)|,,
ColoRectal.Res,Gastrointestinal,4.2.0.0,ColoRectal.Res,126,6683,3.006.001,Regional Lymph Node Status,Regional lymph nodes present,34185.100004300,Q Question - Single-Select (Combo/Option),Number of Lymph Nodes Examined,,,372309006 |Number of regional lymph nodes examined by microscopy in excised specimen (observable entity)|,,
ColoRectal.Res,Gastrointestinal,4.2.0.0,ColoRectal.Res,126,6683,3.006.001,Regional lymph nodes present,Number of Lymph Nodes Examined,5792.100004300,AA Answer - Fill-in,Exact number (specify),'',,,,
ColoRectal.Res,Gastrointestinal,4.2.0.0,ColoRectal.Res,126,6683,3.006.001,Regional lymph nodes present,Number of Lymph Nodes Examined,34091.100004300,AA Answer - Fill-in,At least (specify),At least,,,,
ColoRectal.Res,Gastrointestinal,4.2.0.0,ColoRectal.Res,126,6683,3.006.001,Regional lymph nodes present,Number of Lymph Nodes Examined,356534.100004300,AA Answer - Fill-in,Other (specify),'',,,,
ColoRectal.Res,Gastrointestinal,4.2.0.0,ColoRectal.Res,126,6683,3.006.001,Regional lymph nodes present,Number of Lymph Nodes Examined,5793.100004300,AA Answer - Fill-in,Cannot be determined (explain),Cannot be determined,,1156316003 |Cannot be determined (qualifier value)|,,
ColoRectal.Res,Gastrointestinal,4.2.0.0,ColoRectal.Res,126,6683,3.006.001,NULL,REGIONAL LYMPH NODES,15388.100004300,Q Question - Single-Select (Combo/Option),Tumor Deposits,Tumor Deposits,,,,
ColoRectal.Res,Gastrointestinal,4.2.0.0,ColoRectal.Res,126,6683,3.006.001,REGIONAL LYMPH NODES,Tumor Deposits,15406.100004300,A Answer,Not identified,,,47492008 |Not seen (qualifier value)|,,
ColoRectal.Res,Gastrointestinal,4.2.0.0,ColoRectal.Res,126,6683,3.006.001,REGIONAL LYMPH NODES,Tumor Deposits,15436.100004300,A Answer,Present,,,52101004 |Present (qualifier value)|,,
ColoRectal.Res,Gastrointestinal,4.2.0.0,ColoRectal.Res,126,6683,3.006.001,Tumor Deposits,Present,25321.100004300,Q Question - Single-Select (Combo/Option),Number of Tumor Deposits,,,,,
ColoRectal.Res,Gastrointestinal,4.2.0.0,ColoRectal.Res,126,6683,3.006.001,Present,Number of Tumor Deposits,25323.100004300,AA Answer - Fill-in,Specify number,'',,,,
ColoRectal.Res,Gastrointestinal,4.2.0.0,ColoRectal.Res,126,6683,3.006.001,Present,Number of Tumor Deposits,379464.100004300,AA Answer - Fill-in,Other (specify),'',,,,
ColoRectal.Res,Gastrointestinal,4.2.0.0,ColoRectal.Res,126,6683,3.006.001,Present,Number of Tumor Deposits,25324.100004300,AA Answer - Fill-in,Cannot be determined (explain),Cannot be determined,,1156316003 |Cannot be determined (qualifier value)|,,
ColoRectal.Res,Gastrointestinal,4.2.0.0,ColoRectal.Res,126,6683,3.006.001,REGIONAL LYMPH NODES,Tumor Deposits,15437.100004300,AA Answer - Fill-in,Cannot be determined,,,1156316003 |Cannot be determined (qualifier value)|,,
ColoRectal.Res,Gastrointestinal,4.2.0.0,ColoRectal.Res,126,6683,3.006.001,NULL,REGIONAL LYMPH NODES,362465.100004300,QQ Question - Fill-in,Regional Lymph Node Comment,,,,,
ColoRectal.Res,Gastrointestinal,4.2.0.0,ColoRectal.Res,126,6683,3.006.001,NULL,NULL,356549.100004300,H Section Header,DISTANT METASTASIS,,,,,
ColoRectal.Res,Gastrointestinal,4.2.0.0,ColoRectal.Res,126,6683,3.006.001,NULL,DISTANT METASTASIS,356550.100004300,QQQ Question - Multi-Select Checkbox Label,"?Distant Site(s) Involved, if applicable",Distant Site(s) Involved,,,,
ColoRectal.Res,Gastrointestinal,4.2.0.0,ColoRectal.Res,126,6683,3.006.001,DISTANT METASTASIS,"?Distant Site(s) Involved, if applicable",356553.100004300,A Answer,?Not applicable,Not applicable,,,,
ColoRectal.Res,Gastrointestinal,4.2.0.0,ColoRectal.Res,126,6683,3.006.001,DISTANT METASTASIS,"?Distant Site(s) Involved, if applicable",362466.100004300,AA Answer - Fill-in,Non-regional lymph node(s),,,,,
ColoRectal.Res,Gastrointestinal,4.2.0.0,ColoRectal.Res,126,6683,3.006.001,DISTANT METASTASIS,"?Distant Site(s) Involved, if applicable",362467.100004300,AA Answer - Fill-in,Liver,,,,,
ColoRectal.Res,Gastrointestinal,4.2.0.0,ColoRectal.Res,126,6683,3.006.001,DISTANT METASTASIS,"?Distant Site(s) Involved, if applicable",356551.100004300,AA Answer - Fill-in,Other (specify),'',,,,
ColoRectal.Res,Gastrointestinal,4.2.0.0,ColoRectal.Res,126,6683,3.006.001,DISTANT METASTASIS,"?Distant Site(s) Involved, if applicable",356552.100004300,AA Answer - Fill-in,Cannot be determined,,,1156316003 |Cannot be determined (qualifier value)|,,
ColoRectal.Res,Gastrointestinal,4.2.0.0,ColoRectal.Res,126,6683,3.006.001,NULL,NULL,1486.100004300,H Section Header,"PATHOLOGIC STAGE CLASSIFICATION (pTNM, AJCC 8th Edition)","PATHOLOGIC STAGE CLASSIFICATION (pTNM, AJCC 8th Edition)",,,,
ColoRectal.Res,Gastrointestinal,4.2.0.0,ColoRectal.Res,126,6683,3.006.001,NULL,"PATHOLOGIC STAGE CLASSIFICATION (pTNM, AJCC 8th Edition)",44119.100004300,Note,"Reporting of pT, pN, and (when applicable) pM categories is based on information available to the pathologist at the time the report is issued. As per the AJCC (Chapter 1, 8th Ed.) it is the managing physician’s responsibility to establish the final pathologic stage based upon all pertinent information, including but potentially not limited to this pathology report.","Reporting of pT, pN, and (when applicable) pM categories is based on information available to the pathologist at the time the report is issued. As per the AJCC (Chapter 1, 8th Ed.) it is the managing physician’s responsibility to establish the final pathologic stage based upon all pertinent information, including but potentially not limited to this pathology report.",,,,
ColoRectal.Res,Gastrointestinal,4.2.0.0,ColoRectal.Res,126,6683,3.006.001,NULL,"PATHOLOGIC STAGE CLASSIFICATION (pTNM, AJCC 8th Edition)",15375.100004300,QQQ Question - Multi-Select Checkbox Label,?TNM Descriptors,TNM Descriptors,,,,
ColoRectal.Res,Gastrointestinal,4.2.0.0,ColoRectal.Res,126,6683,3.006.001,"PATHOLOGIC STAGE CLASSIFICATION (pTNM, AJCC 8th Edition)",?TNM Descriptors,2248.100004300,AA Answer - Fill-in,?Not applicable,Not applicable,,,,
ColoRectal.Res,Gastrointestinal,4.2.0.0,ColoRectal.Res,126,6683,3.006.001,"PATHOLOGIC STAGE CLASSIFICATION (pTNM, AJCC 8th Edition)",?TNM Descriptors,15377.100004300,A Answer,m (multiple primary tumors),,,,,
ColoRectal.Res,Gastrointestinal,4.2.0.0,ColoRectal.Res,126,6683,3.006.001,"PATHOLOGIC STAGE CLASSIFICATION (pTNM, AJCC 8th Edition)",?TNM Descriptors,15379.100004300,A Answer,r (recurrent),,,,,
ColoRectal.Res,Gastrointestinal,4.2.0.0,ColoRectal.Res,126,6683,3.006.001,"PATHOLOGIC STAGE CLASSIFICATION (pTNM, AJCC 8th Edition)",?TNM Descriptors,15476.100004300,A Answer,y (post-treatment),,,,,
ColoRectal.Res,Gastrointestinal,4.2.0.0,ColoRectal.Res,126,6683,3.006.001,NULL,"PATHOLOGIC STAGE CLASSIFICATION (pTNM, AJCC 8th Edition)",327745.100004300,Q Question - Single-Select (Combo/Option),pT Category,,,,,
ColoRectal.Res,Gastrointestinal,4.2.0.0,ColoRectal.Res,126,6683,3.006.001,"PATHOLOGIC STAGE CLASSIFICATION (pTNM, AJCC 8th Edition)",pT Category,327746.100004300,A Answer,pT not assigned (cannot be determined based on available pathological information),,,,,
ColoRectal.Res,Gastrointestinal,4.2.0.0,ColoRectal.Res,126,6683,3.006.001,"PATHOLOGIC STAGE CLASSIFICATION (pTNM, AJCC 8th Edition)",pT Category,37629.100004300,A Answer,pT0: No evidence of primary tumor,pT0,,,,
ColoRectal.Res,Gastrointestinal,4.2.0.0,ColoRectal.Res,126,6683,3.006.001,"PATHOLOGIC STAGE CLASSIFICATION (pTNM, AJCC 8th Edition)",pT Category,37630.100004300,A Answer,"pTis: Carcinoma in situ, intramucosal carcinoma (involvement of lamina propria with no extension through muscularis mucosae)",pTis,,,,
ColoRectal.Res,Gastrointestinal,4.2.0.0,ColoRectal.Res,126,6683,3.006.001,"PATHOLOGIC STAGE CLASSIFICATION (pTNM, AJCC 8th Edition)",pT Category,37631.100004300,A Answer,pT1: Tumor invades the submucosa (through the muscularis mucosa but not into the muscularis propria),pT1,,,,
ColoRectal.Res,Gastrointestinal,4.2.0.0,ColoRectal.Res,126,6683,3.006.001,"PATHOLOGIC STAGE CLASSIFICATION (pTNM, AJCC 8th Edition)",pT Category,37632.100004300,A Answer,pT2: Tumor invades the muscularis propria,pT2,,,,
ColoRectal.Res,Gastrointestinal,4.2.0.0,ColoRectal.Res,126,6683,3.006.001,"PATHOLOGIC STAGE CLASSIFICATION (pTNM, AJCC 8th Edition)",pT Category,37633.100004300,A Answer,pT3: Tumor invades through the muscularis propria into pericolorectal tissues,pT3,,,,
ColoRectal.Res,Gastrointestinal,4.2.0.0,ColoRectal.Res,126,6683,3.006.001,"PATHOLOGIC STAGE CLASSIFICATION (pTNM, AJCC 8th Edition)",pT Category,45111.100004300,Note,pT4: Tumor invades the visceral peritoneum or invades or adheres to adjacent organ or structure,'',,,,
ColoRectal.Res,Gastrointestinal,4.2.0.0,ColoRectal.Res,126,6683,3.006.001,"PATHOLOGIC STAGE CLASSIFICATION (pTNM, AJCC 8th Edition)",pT Category,37635.100004300,A Answer,pT4a: Tumor invades# through the visceral peritoneum (including gross perforation of the bowel through tumor and continuous invasion of tumor through areas of inflammation to the surface of the visceral peritoneum),pT4a,,,,
ColoRectal.Res,Gastrointestinal,4.2.0.0,ColoRectal.Res,126,6683,3.006.001,"PATHOLOGIC STAGE CLASSIFICATION (pTNM, AJCC 8th Edition)",pT Category,37636.100004300,A Answer,pT4b: Tumor directly invades# or adheres## to adjacent organs or structures,pT4b,,,,
ColoRectal.Res,Gastrointestinal,4.2.0.0,ColoRectal.Res,126,6683,3.006.001,"PATHOLOGIC STAGE CLASSIFICATION (pTNM, AJCC 8th Edition)",pT Category,57975.100004300,A Answer,"pT4 (subcategory cannot be determined)#, ##",pT4,,,,
ColoRectal.Res,Gastrointestinal,4.2.0.0,ColoRectal.Res,126,6683,3.006.001,"PATHOLOGIC STAGE CLASSIFICATION (pTNM, AJCC 8th Edition)",pT Category,54262.100004300,Note,"# Direct invasion in T4 includes invasion of other organs or other segments of the colorectum as a result of direct extension through the serosa, as confirmed on microscopic examination (for example, invasion of the sigmoid colon by a carcinoma of the cecum) or, for cancers in a retroperitoneal or subperitoneal location, direct invasion of other organs or structures by virtue of extension beyond the muscularis propria (i.e., respectively, a tumor on the posterior wall of the descending colon invading the left kidney or lateral abdominal wall; or a mid or distal rectal cancer with invasion of prostate, seminal vesicles, cervix, or vagina).",'',,,,
ColoRectal.Res,Gastrointestinal,4.2.0.0,ColoRectal.Res,126,6683,3.006.001,"PATHOLOGIC STAGE CLASSIFICATION (pTNM, AJCC 8th Edition)",pT Category,57505.100004300,Note,"## Tumor that is adherent to other organs or structures, grossly, is classified cT4b. However, if no tumor is present in the adhesion, microscopically, the classification should be pT1-4a depending on the anatomical depth of wall invasion. The V and L classification should be used to identify the presence or absence of vascular or lymphatic invasion whereas the PN prognostic factor should be used for perineural invasion.",'',,,,
ColoRectal.Res,Gastrointestinal,4.2.0.0,ColoRectal.Res,126,6683,3.006.001,NULL,"PATHOLOGIC STAGE CLASSIFICATION (pTNM, AJCC 8th Edition)",327747.100004300,Q Question - Single-Select (Combo/Option),pN Category,,,,,
ColoRectal.Res,Gastrointestinal,4.2.0.0,ColoRectal.Res,126,6683,3.006.001,"PATHOLOGIC STAGE CLASSIFICATION (pTNM, AJCC 8th Edition)",pN Category,327748.100004300,A Answer,pN not assigned (no nodes submitted or found),,,,,
ColoRectal.Res,Gastrointestinal,4.2.0.0,ColoRectal.Res,126,6683,3.006.001,"PATHOLOGIC STAGE CLASSIFICATION (pTNM, AJCC 8th Edition)",pN Category,327749.100004300,A Answer,pN not assigned (cannot be determined based on available pathological information),,,,,
ColoRectal.Res,Gastrointestinal,4.2.0.0,ColoRectal.Res,126,6683,3.006.001,"PATHOLOGIC STAGE CLASSIFICATION (pTNM, AJCC 8th Edition)",pN Category,37639.100004300,A Answer,pN0: No regional lymph node metastasis,pN0,,,,
ColoRectal.Res,Gastrointestinal,4.2.0.0,ColoRectal.Res,126,6683,3.006.001,"PATHOLOGIC STAGE CLASSIFICATION (pTNM, AJCC 8th Edition)",pN Category,46591.100004300,Note,"pN1: One to three regional lymph nodes are positive (tumor in lymph nodes measuring greater than or equal to 0.2 mm), or any number of tumor deposits are present and all identifiable lymph nodes are negative",'',,,,
ColoRectal.Res,Gastrointestinal,4.2.0.0,ColoRectal.Res,126,6683,3.006.001,"PATHOLOGIC STAGE CLASSIFICATION (pTNM, AJCC 8th Edition)",pN Category,37640.100004300,A Answer,pN1a: One regional lymph node is positive,pN1a,,,,
ColoRectal.Res,Gastrointestinal,4.2.0.0,ColoRectal.Res,126,6683,3.006.001,"PATHOLOGIC STAGE CLASSIFICATION (pTNM, AJCC 8th Edition)",pN Category,37641.100004300,A Answer,pN1b: Two or three regional lymph nodes are positive,pN1b,,,,
ColoRectal.Res,Gastrointestinal,4.2.0.0,ColoRectal.Res,126,6683,3.006.001,"PATHOLOGIC STAGE CLASSIFICATION (pTNM, AJCC 8th Edition)",pN Category,37642.100004300,A Answer,"pN1c: No regional lymph nodes are positive, but there are tumor deposits in the subserosa, mesentery, nonperitonealized pericolic or perirectal / mesorectal tissues",pN1c,,,,
ColoRectal.Res,Gastrointestinal,4.2.0.0,ColoRectal.Res,126,6683,3.006.001,"PATHOLOGIC STAGE CLASSIFICATION (pTNM, AJCC 8th Edition)",pN Category,39678.100004300,A Answer,pN1 (subcategory cannot be determined),pN1,,,,
ColoRectal.Res,Gastrointestinal,4.2.0.0,ColoRectal.Res,126,6683,3.006.001,"PATHOLOGIC STAGE CLASSIFICATION (pTNM, AJCC 8th Edition)",pN Category,55290.100004300,Note,pN2: Four or more regional nodes are positive,'',,,,
ColoRectal.Res,Gastrointestinal,4.2.0.0,ColoRectal.Res,126,6683,3.006.001,"PATHOLOGIC STAGE CLASSIFICATION (pTNM, AJCC 8th Edition)",pN Category,37644.100004300,A Answer,pN2a: Four to six regional lymph nodes are positive,pN2a,,,,
ColoRectal.Res,Gastrointestinal,4.2.0.0,ColoRectal.Res,126,6683,3.006.001,"PATHOLOGIC STAGE CLASSIFICATION (pTNM, AJCC 8th Edition)",pN Category,37645.100004300,A Answer,pN2b: Seven or more regional lymph nodes are positive,pN2b,,,,
ColoRectal.Res,Gastrointestinal,4.2.0.0,ColoRectal.Res,126,6683,3.006.001,"PATHOLOGIC STAGE CLASSIFICATION (pTNM, AJCC 8th Edition)",pN Category,40219.100004300,A Answer,pN2 (subcategory cannot be assessed),pN2,,,,
ColoRectal.Res,Gastrointestinal,4.2.0.0,ColoRectal.Res,126,6683,3.006.001,NULL,"PATHOLOGIC STAGE CLASSIFICATION (pTNM, AJCC 8th Edition)",46170.100004300,Q Question - Single-Select (Combo/Option),?pM Category (required only if confirmed pathologically),pM Category,,,,
ColoRectal.Res,Gastrointestinal,4.2.0.0,ColoRectal.Res,126,6683,3.006.001,"PATHOLOGIC STAGE CLASSIFICATION (pTNM, AJCC 8th Edition)",?pM Category (required only if confirmed pathologically),37648.100004300,A Answer,?Not applicable - pM cannot be determined from the submitted specimen(s),Not applicable - pM cannot be determined from the submitted specimen(s),,,,
ColoRectal.Res,Gastrointestinal,4.2.0.0,ColoRectal.Res,126,6683,3.006.001,"PATHOLOGIC STAGE CLASSIFICATION (pTNM, AJCC 8th Edition)",?pM Category (required only if confirmed pathologically),43637.100004300,Note,pM1: Metastasis to one or more distant sites or organs or peritoneal metastasis is identified,'',,,,
ColoRectal.Res,Gastrointestinal,4.2.0.0,ColoRectal.Res,126,6683,3.006.001,"PATHOLOGIC STAGE CLASSIFICATION (pTNM, AJCC 8th Edition)",?pM Category (required only if confirmed pathologically),37650.100004300,A Answer,pM1a: Metastasis to one site or organ is identified without peritoneal metastasis,pM1a,,,,
ColoRectal.Res,Gastrointestinal,4.2.0.0,ColoRectal.Res,126,6683,3.006.001,"PATHOLOGIC STAGE CLASSIFICATION (pTNM, AJCC 8th Edition)",?pM Category (required only if confirmed pathologically),37651.100004300,A Answer,pM1b: Metastasis to two or more sites or organs is identified without peritoneal metastasis,pM1b,,,,
ColoRectal.Res,Gastrointestinal,4.2.0.0,ColoRectal.Res,126,6683,3.006.001,"PATHOLOGIC STAGE CLASSIFICATION (pTNM, AJCC 8th Edition)",?pM Category (required only if confirmed pathologically),37653.100004300,A Answer,pM1c: Metastasis to the peritoneal surface is identified alone or with other site or organ metastases,pM1c,,,,
ColoRectal.Res,Gastrointestinal,4.2.0.0,ColoRectal.Res,126,6683,3.006.001,"PATHOLOGIC STAGE CLASSIFICATION (pTNM, AJCC 8th Edition)",?pM Category (required only if confirmed pathologically),56595.100004300,A Answer,pM1 (subcategory cannot be determined),pM1,,,,
ColoRectal.Res,Gastrointestinal,4.2.0.0,ColoRectal.Res,126,6683,3.006.001,NULL,NULL,17862.100004300,H Section Header,ADDITIONAL FINDINGS,,,,,
ColoRectal.Res,Gastrointestinal,4.2.0.0,ColoRectal.Res,126,6683,3.006.001,NULL,ADDITIONAL FINDINGS,42470.100004300,QQQ Question - Multi-Select Checkbox Label,Additional Findings,,,,,
ColoRectal.Res,Gastrointestinal,4.2.0.0,ColoRectal.Res,126,6683,3.006.001,ADDITIONAL FINDINGS,Additional Findings,1569.100004300,A Answer,None identified,,,,,
ColoRectal.Res,Gastrointestinal,4.2.0.0,ColoRectal.Res,126,6683,3.006.001,ADDITIONAL FINDINGS,Additional Findings,1570.100004300,A Answer,Adenoma(s),,,,,
ColoRectal.Res,Gastrointestinal,4.2.0.0,ColoRectal.Res,126,6683,3.006.001,ADDITIONAL FINDINGS,Additional Findings,38116.100004300,A Answer,Ulcerative colitis,,,,,
ColoRectal.Res,Gastrointestinal,4.2.0.0,ColoRectal.Res,126,6683,3.006.001,ADDITIONAL FINDINGS,Additional Findings,1572.100004300,A Answer,Crohn disease,,,,,
ColoRectal.Res,Gastrointestinal,4.2.0.0,ColoRectal.Res,126,6683,3.006.001,ADDITIONAL FINDINGS,Additional Findings,34235.100004300,A Answer,Diverticulosis,,,,,
ColoRectal.Res,Gastrointestinal,4.2.0.0,ColoRectal.Res,126,6683,3.006.001,ADDITIONAL FINDINGS,Additional Findings,1573.100004300,A Answer,Dysplasia arising in inflammatory bowel disease,,,,,
ColoRectal.Res,Gastrointestinal,4.2.0.0,ColoRectal.Res,126,6683,3.006.001,ADDITIONAL FINDINGS,Additional Findings,1575.100004300,AA Answer - Fill-in,Other (specify),'',,,,
ColoRectal.Res,Gastrointestinal,4.2.0.0,ColoRectal.Res,126,6683,3.006.001,NULL,NULL,1462.100004300,H Section Header,SPECIAL STUDIES,SPECIAL STUDIES,,,,
ColoRectal.Res,Gastrointestinal,4.2.0.0,ColoRectal.Res,126,6683,3.006.001,NULL,SPECIAL STUDIES,30211.100004300,Note,"For reporting molecular testing and immunohistochemistry for mismatch repair proteins, and for other cancer biomarker testing results, the CAP Colorectal Biomarker Template should be used. Pending biomarker studies should be listed in the Comments section of this report.",'',,,,
ColoRectal.Res,Gastrointestinal,4.2.0.0,ColoRectal.Res,126,6683,3.006.001,NULL,NULL,381076.100004300,H Section Header,COMMENTS,'',,,,
ColoRectal.Res,Gastrointestinal,4.2.0.0,ColoRectal.Res,126,6683,3.006.001,NULL,COMMENTS,1576.100004300,QQ Question - Fill-in,?Comment(s),Comment(s),,,,